Puño,estiramiento,codo
0.999638,0.000000,0.000362
